{"cameraMode":{"drawMode":0,"name":"Shaded","section":"Shading Mode"},"sceneLighting":false,"audioPlay":false,"sceneViewState":{"m_AlwaysRefresh":false,"showFog":false,"showSkybox":false,"showFlares":false,"showImageEffects":false,"showParticleSystems":false,"showVisualEffectGraphs":true,"m_FxEnabled":true},"in2DMode":false,"pivot":{"x":-0.01310497522354126,"y":0.8684999942779541,"z":0.020079076290130616},"rotation":{"x":-0.2104475349187851,"y":0.6620419025421143,"z":-0.20174390077590943,"w":-0.6905153393745422},"size":1.113982915878296,"orthographic":false}