{"cameraMode":{"drawMode":0,"name":"Shaded","section":"Shading Mode"},"sceneLighting":false,"audioPlay":false,"sceneViewState":{"m_AlwaysRefresh":false,"showFog":false,"showSkybox":false,"showFlares":false,"showImageEffects":false,"showParticleSystems":false,"showVisualEffectGraphs":true,"m_FxEnabled":true},"in2DMode":false,"pivot":{"x":0.0052838921546936039,"y":0.7504492998123169,"z":0.04402351379394531},"rotation":{"x":-0.27014192938804629,"y":-0.13439913094043733,"z":0.03813381865620613,"w":-0.9526838660240173},"size":1.3947726488113404,"orthographic":false}